{"cameraMode":{"drawMode":0,"name":"Shaded","section":"Shading Mode"},"sceneLighting":true,"audioPlay":false,"sceneViewState":{"showFog":true,"showMaterialUpdate":false,"showSkybox":true,"showFlares":true,"showImageEffects":true,"showParticleSystems":true},"in2DMode":false,"pivot":{"x":-2.470569610595703,"y":-1.5613083839416505,"z":6.8211212158203129},"rotation":{"x":0.23932631313800813,"y":-0.1793622076511383,"z":0.04503539577126503,"w":0.9531667828559876},"size":22.753442764282228,"orthographic":false}