{"cameraMode":{"drawMode":0,"name":"Shaded","section":"Shading Mode"},"sceneLighting":true,"audioPlay":false,"sceneViewState":{"showFog":true,"showMaterialUpdate":false,"showSkybox":true,"showFlares":true,"showImageEffects":true,"showParticleSystems":true},"in2DMode":false,"pivot":{"x":-11.62014102935791,"y":-11.39616584777832,"z":146.73350524902345},"rotation":{"x":0.31694719195365908,"y":-0.2854515612125397,"z":0.10065417736768723,"w":0.8988538980484009},"size":92.31780242919922,"orthographic":false}